VialUpdated,Site,Sample,Date,Tech,Type,Ameletus,Baetidae_2tails,Baetidae_3tails,Baetis,Heterocleon,Procloeon,Fallcleon,Baetidae_juv,Serratella,New_Drunella,Drunella_sp,Ephemerellidae_juv,Ironodes,Cinygmula,Cinygma,Epeorus,Heptageniidae_juv,Paraleptophlebia.gregalis,Paraleptophlebia.temporalis,Paraleptophlebia,Paraleptophlebidae_juv,Ephemeroptera_juv,Visoka.cataractae,Zapada.cinctipes,Zapada.frigida,Zapada_juv,Malenka,Soyedina,Nemouridae_juv,Despaxia,Leuctridae_juv,Capnidae_juv,Kathroperla,Sweltza,Suwallia,Chloroperlidae_Other,Chloroperlidae_juv,Perlodidae_nogills,Perlodidae_juv,Perlodidae_Unknown1,Perlodidae_Unknown2,Perlolidae_Osobenus,Chlorop_Perlodid_Perlid_juv,Perlidae_juv,Plecoptera_juv,Plecoptera_adult,Glossosoma,Rhyacophila,Lepidostoma_roafi,Lepidostoma_David,Lepidostoma_juv,Brachycentrus,Apatania,Allomyia,Psychoglypha,Discosmoecus,Chyranda,Clostoeca,Philocasca,Homophylax,Limnephilidae_juv,Goeracea,Agraylea,Tinodes,Trichoptera_pupae,Trichop.dam.juv,Heterlimnius,Rhizelmis,Dytiscid_unknown,Dyticidae_Hydaticus,Hydrophilidae_Helophorus,Hydrophilidae_Hydrobius,Hydrophilidae_unknown,Hydroptilidae_unknown,Hydrochiidae_Hydrochus,Crysomelidae_unknown,Tenebrionidae_unknown,Coleoptera_unknown,Staphylinidae_adult,Adult_unknown,Chironomini,Tanytarsini,Tanypodinae,Brillia,Corynoneura,Other_Orthocladiinae,Orthocladinae2,LongHairOrthoclad,Podominae,Chironomid_unknown,ChiroN_ pupae,Chioron_adult,Ceratopog_maybenoBezzia,Dixa,Simuliidae_larvae,Simulium,Twinnia,Simul.pupae,Dicranota,Hexatoma,Molophilus,Tipulidae_juv.dam,Chelifera,Oreogeton,Horny_Diptera_larva,Unknown_Diptera_larva,Diptera_adult,Culicid_larva,Diptera_pupae,Cordulegaster dorsalis,Sminthuridae,Unknown Collembola,Collembola_A,Collembola_B,Collembola_C,Homoptera,Saldidae_Unknown,Hebridae_Unknown,Hemiptera_unknown,Thrip,Ostracoda_unknown,Copepoda ,Naididae,Turbellaria_unknown,Nematoda_unknown,Other_Hydracarina,Non_Oribatid,Oribatea,Mite_Unknown,Flat snail,Taller snail,Sphaeriidae_unknown,Caterpillar_unknown,Noctuidae_Unknown,Spider_unknown
1,C3_I,Interior 21 - 5,27/6/2018,AN,Clearcut,,,,,,,,,,2,,1,,,,4,,,,,1,,,,2,,1,,,,,,,,,,,,,,,,6,,1,,,2,,,,,,,,,,,,,,,,,,,,,,,,,,,,,,1,,,,2,,1,8,10,,,1,,1,,,,,,,,,,,,,,,1,1,,,,,,,,,,,,,,,,,4,,,,,,,,,,,
2,B4_I,Interior 29-8,28/6/2018,AN,Buffer,2,,,,,3,,,,,,,,4,2,,2,,,,1,1,,,,,,,1,,,,,12,,1,,,,,,,,,,,,,,,,,,,,,,,,,1,,,,,,2,,,,,,,,,,,,,,,26,26,22,,,,,2,,,,,,,,,,,,,1,,,,,,,,,1,,,,,,,,2,,13,5,2,,,,1,,,,,,,,
3,R2_I,Interior R2-1,4/7/2018,AN,Reference,,2,,,,,,,,1,,,,3,,3,1,,,,6,,,,2,,,,,,1,,,3,,1,,,,,,,1,,,,,,,,,,,,,,,,,,,,,,,,,,,,,,,,,,,,,,,1,1,4,4,2,,,,,,,,,,,,,,,,3,,1,,,,,,,,,,,,,,,,,,,9,3,,,,,,,,,,,
4,R2_I,Interior R2-4,4/7/2019,AN,Reference,2,1,,,,,,,,,,,,9,,,,,2,,25,,,,,,,,,1,,,,15,,1,,,,,,,,,,,,,,,,,,,,,,,,,,,,,,,,,,,,,,,,,,,,,,2,1,24,,2,,,,,1,,,,,,,,2,,,,,,,,,,,,,,,,,,,,,1,,,15,4,,,,,,1,1,,,,
5,B5_I,Interior B5-6,4/7/2020,AN,Buffer,,,,,,,,,,,,,,,,,,,,,,,,,5,,,,,,,,,,,,,,,,,,1,,,,,,,,,,,,,,,,,,,,,,,,,,,,,,,,,,,,,1,,,,,,5,,13,,,,,,,1,,,,,,1,,,,,,,,,,,,,,,,,,1,3,,,12,,,,,,,,,,,,
6,B5_I,Interior B5-8,4/7/2021,AN,Buffer,,,,,,,,,,,,,,,,,,,,,,,,,2,,,,,1,,1,,,,,,,,,,,,,,,,,,,,,,,,,,,,,,,,,,,,,,,,,,,,,,,,,,,,,,4,,,,,,,,,2,,,,,,,1,,,,,,,,,,,,,,,,,1,1,,,5,1,,,,,,,,,,,
7,C1_I,Interior 9-3,26/6/2018,AN,Clearcut,,,,,,,,,,,,,,,,,,,,,,,,,,,,,,,,,,,,,,,,,,,,,,,,,,,,,,,,,,,,,,,,,40,,,,6,,,,,2,,,,,,1,,26,,,,3,,,,,1,,12,,,,,,,,,,,,,,,,,,,,,,,,,,,,7,,45,,,,,,,,1,,,,
8,C1_I,Interior 9-5,26/6/2018,AN,Clearcut,,,,,,,,,,,,,,,,,,,,,,,,,,,,,,,,,,,,,,,,,,,,,,,,,,,,,,,,,,,,,,,,,14,,,,2,,,,,,,,,,,,,,,,,,,,,,,,,,,,,,,,,1,,,,,1,,,,,,,,,,,,,,,,,,,,,,,,,,,,
9,B4_I,Interior 29-6,28/6/2018,AN,Buffer,6,,,,,,,,,2,,,,3,,,,,,,2,,,,,,,,,,,,,11,,,,,,,,,,,,,,,,,,,,1,,,,,,,,,,,,,,,,,,,,,,,,,,,,30,19,,8,38,,,,,2,,,,,,,,,,,,,,,,,,,,,,,,,,,,,2,20,,,,1,1,,,,,,,1,,1
10,B5_I,Interior B5-1,4/7/2018,AN,Buffer,,,,,,,,,,,,,,,,,,,,,,,,,,,,,,,,,,,,,,,,,,,,,,,,,,,,,,,,,,,,,,,,,,,,,,,,,,,,,,,,,,,,,,3,,,,,1,,,,,,,,,,,,,,,,,,,,,,,,,,,,,1,,,,,,,,,,,,,,,
11,C1_I,Interior 9-6,26/6/2018,AN,Clearcut,,,,,,,,,,,,,,,,,,,,,,,,,,,,,,,,,,,,,,,,,,,,,,,,,,,,,,,,,,,,,,,,,2,,,,,,,,,,,,,,,,,14,,,,2,,,,,2,,3,,,,,,,,,,,,,,,,,,,,,,,,,,,,1,,20,,,,,,,,1,,,,
12,C1_I,Interior 9-2,26/6/2018,AN,Clearcut,,,,,,,,,,,,,,,,,,,,,,,,,,,,,,,,,,,,,,,,,,,,,,,,,,,,,,,,,,,,,,,,,7,,,,3,,,,,,,,,,,,,106,,,,2,,,,,3,,4,,,,,,,,,,,,,,,,,,,,,,,,,,,,,,2,,,,,,,,,,,,
13,R2_I,Interior R2-6,4/7/2018,AN,Reference,3,,,,,,,,,1,,,,5,,,1,,3,,2,,,,,,,,,,,,1,8,,,,,,,,,2,,1,,,,,,,,,,,,,,,,,,,,,,,,,,,,,,,,,,,,,6,3,,4,7,,5,,,3,,,,,,,,,,,5,,,,,,,,,1,,,,,,,,1,,,,4,,,1,,,,,,,,,
14,R3_I,Interior R3-7,4/7/2018,AN,Reference,1,,,,,,,,,2,,3,,25,,,40,,,,7,,,,,,,,,,5,1,,31,,,,,,,,,,,,1,,,,,,,1,,,,,,,,,,,,,2,14,,,,,,,,,,,,,,,64,,8,10,15,,,,,3,,1,,,,,,,1,,6,,,,,,1,,,,,,,,,,,1,4,25,2,1,8,,,1,,,,,,,,
15,B4_I,Interior 29-7,28/6/2018,AN,Buffer,4,1,,,,,,,,,,,,3,,3,22,,2,,,,,,,,,,,,,,,7,,,,,,,,,,,,,,,,,,,,,,,,,,,,,,,,,,,,,,,,,,,,,,,,6,3,15,4,,,,,,,,1,,,,,,,1,,1,,,,,,,,,1,,,,,,,,1,,58,2,1,28,,1,2,,,,,,,,
16,R3_I,Interior R3-2,4/7/2018,AN,Reference,8,1,,,,,,,,4,,,,36,,,,,,,4,33,,,,,,,,,,,,40,,,,,3,,,,,1,,,,2,,8,,,,,,,,,,,,,,,,,38,,,,,,,,,,,,,,3,49,13,5,11,22,,3,2,,,1,6,,,,,,5,3,,,,,,,,,,,,,,,,,,,,2,77,7,5,32,1,,4,,,,,,,,
17,B2_I,Interior 15-1,27/6/2018,AN,Buffer,,,,,,,,,,,,,,,,,,,,,1,,,,,,,,,,,,,1,,,,,,,,,,,,,,,,,,,,,,,,,,,,,,,,,,,,,,,,,,,,,,,,4,10,,,,,,,,2,,,,,,,,,,,2,,,,1,,,2,,,,,,,,,,,,2,,3,,13,,,,,,,,,,
18,B5_I,Interior B5-7,4/7/2018,AN,Buffer,,,,,,,,,,,,,,1,,,,,,,,,,,,,,,,,1,,,10,,,,,,,,,,,,,,,,,,,,,,,,,,,,,,,,1,,,,,,,,,,,,,,,,,,7,,,,,,,1,,,,12,,,,,,,1,,,,,,,,,,,,,,,,,,,,,1,,,,,,,,,,,,1
19,B5_I,Interior B5-5,4/7/2019,AN,Buffer,,,,,,,,,,,,,,,,,,,,,,,,,,,,,,,,,,1,,,,,,,,,,,,,,,,,,,,,,,,,,,,,,,,,,,,,,,,,,,,,,,,,,,,,,1,,,1,,,,,,,,,,,,,,,,,,,,,,,,,,,,,,,,,,,,,,,,,,,,
20,R3_I,Interior R3-5,4/7/2020,AN,Reference,7,,,,,,,,,,,,,2,1,,1,,3,,3,,2,,,,,,,2,1,,,17,,1,,1,,,,,1,,,,,2,,,,,,,,,,,,,,,,,,,,,,,,,,,,,,,,,,109,22,24,10,1,,,,,4,,1,,,,,,3,3,,1,,,,,,,2,,,,,,,,,,,4,19,2,5,,1,,1,,,,,,,,
21,B4_I,Interior 29-1,28/6/2018,AN,Buffer,7,,,,,,,,,,,,,1,,,,,,,1,,,,,,,,,,,,1,21,,4,,,,,,,,,,,,1,,,,,,,,5,,,,,,,,,,,,,1,,,,,,,,,,,,,24,21,34,12,12,,4,1,,11,,1,,,,,,1,,,,,1,,,,,,,,,,,,,,,,1,15,3,1,1,1,,,,,2,,,,,
22,B5_I,Interior B5-3,4/6/2018,AN,Buffer,,,,,,,,,,,,,,,,,,,,,,,,,,,,,,1,,1,,,,,,,,,,,,,,,,,,,,,,,,,1,,,,,,,,,,,,,,,,,,,,,,,,,,,5,1,,,,,,2,,,,1,,,,,,,,,,,,,,,,,,,,,,,,,,1,,1,,,,,,,,1,,,,
23,C2_I,Interior 25-4,28/6/2018,AN,Clearcut,7,,26,,,,,,,,,,,,,,,,,,1,,,,,,,,,,,,,1,,,,1,,,,,,1,,,,,,,,,,,,,,,,,,,,,,,,,3,,,,,,,,,,,,,27,4,36,15,16,,,,,,,,,21,,,,,,,,,,,,,,,,,,,,,,,,,,,21,47,,1,,,,,,,,,,
24,B6_I,Interior B6-7,5/7/2018,AN,Buffer,,,1,,,,,,,,,,,,,,,,,,,,,,,,,,,,,,,,,,,,,,,,,,,,,,,,,,,,,,,,,,1,,,,,,,,,,,,,,,,,,,,,1,,,,12,,,,,,,,,10,,,,,,,,,,,,,1,,,,,,,,,,,,,,,3,,,,,,,,,,,,
25,B1_I,Interior 11-5,26/6/2018,AN,Buffer,2,,19,,,,,,,1,,,,,,,,,,,,,,,,,,,,,,,,9,,,,,1,,,,,,,,,,,,1,,,,,,,,,,,,,,,,7,,,,,,,,,,,,,,,8,6,,3,1,,,,,,,,,,,,,2,,,,,,,,,,,,,1,,,,1,,,,,6,1,1,,,,,,,,,,1,,1
26,B1_I,Interior 11-7,26/6/2018,AN,Buffer,,,3,,,,,,,,,,,,,,24,,,,,,,,,,,,,,,,,20,,3,22,,,,,,,,,,,,1,,,,,,,,,,,,,,,,,,3,,,,,,,,,,,,,,,1,,3,,,,,,,,,1,,,,,,,,,,,,,,,,,,,,,,,,,,1,,1,,,5,,,2,,,,,,,,
27,B1_I,Interior 11-3,26/6/2018,AN,Buffer,164,,,,,,,,,2,,,,5,,,54,,,,,,,,,,,,,,2,,,55,,21,2,,,,,,,2,,,,,,,6,,,1,,,1,,,,,,,,,,7,,,,,,1,,,,,,,,,11,1,6,6,6,,,,,,,2,,,,,,,,,,,,,,,,,,,,,,,,,,2,,16,,3,5,2,,1,,,,,1,,,
28,B2_I,Interior 15-7,27/6/2018,AN,Buffer,3,1,,,,,,,,,,,,1,1,,22,,,,1,,,1,,,,,,,1,,,11,,,20,1,,,,,20,,,,,1,1,,,,,3,,,,,,,1,,,,1,,,,,,,,1,,,,,,,,,2,5,11,4,8,,,,,1,,,1,18,,,,,,,,,,,,,,,,,,,,,,,,1,3,6,,5,66,1,,,,,,,,,,
29,C2_I,Interior 25-6,28/6/2018,AN,Clearcut,,,,,,,,,,,,,,,,,,,,,1,,,,,,,,,,,,,1,,,,,,,,,2,,,,,,,,,,,,,,,,,,,,,,,,,,,,,,,,,,,,,,1,4,1,2,1,8,,2,1,,,,1,,3,,,,,,,,,,,,,,,,,,,,,,,,,,,,16,,1,,,,,,,,,,
30,C2_I,Interior 25-8,28/6/2018,AN,Clearcut,5,,3,,,,,,,,,,,,,,,,,,,,,,,,,,,,,,,,,1,1,,,,,,,,,,,,,,,,,,,,,,,,,,,,,,,,1,,,,,,,,,,,,1,11,1,,3,12,,,1,,,,,,1,,,,,1,,1,,,,,,,,,,,,,,,,,,,5,3,7,,3,,,,,,,,,,
31,R2_I,Interior R2-2,4/7/2018,AN,Reference,,,,,,,,,,,,,,1,,,,,,,1,,,,,,,,,,,,,1,,,1,,,,,,,,,,,,,,,,,,,,,,,,,,,,,,,,,,,,,,,,,,,,,,1,4,1,,,,,,,,,,,,,,,,,,,,,,,,,,,,,,,,,,2,,,,,,,,,,,,,,,,
32,C2_I,Interior 25-2,28/6/2018,AN,Clearcut,,,1,,,,,,,,,,,,,,,,,,,,,,,,,,,,,,,,,,,,,,,,22,,,,,,,,,,,,,,,,,,,,,,,1,,,1,,,,,,,,,,,,,2,,3,2,3,,,,,,,,,55,,,2,,,,,,,,,,,,,,,,,,,,,,1,,,13,1,,,1,,,,1,,,,
33,C2_I,Interior 25-1,28/6/2018,AN,Clearcut,17,,1,,,,,,,,,,,,,,,,,,,,,,,,,,,,,,,,,6,1,,,,,,,,,,,,,,,,,,,,,,,,,,,,,,,,1,,,,,,,,,,,,,1,4,,1,4,,,,,,,,,4,,,,,,,1,,,,,,,,,,,,,,,,,,,1,,3,,,,,,,,,,,,
34,B2_I,Interior 15-8,27/6/2018,AN,Buffer,5,,,,,,,,,2,,,,2,,,56,,,,9,,,3,,,,1,,,,,,53,,1,,,,,,,14,,,,,,,,,,,7,,,2,,,,,,,,,1,,,,,,,,,,,,,,,,1,18,45,2,36,,,,,,,1,,74,,,2,,,,1,1,,,,,,,,,,,,,,,,1,3,2,,16,29,2,,,,,,,,,,1
35,R2_I,Interior R2-8,4/7/2018,AN,Reference,,2,,,,,,,,,,,,2,,1,,,,,6,,,,,,,,,,1,,,9,,,,,,,,,2,,,,,,,,,,,,,,,,,,,,,,2,,,,,,,,,,,,,,,,,1,1,12,3,,,1,,,,,,,,,,,,,,,,,,,,,,,,,,,,1,,,,,,,5,6,,,,,,,,,,,
36,C1_I,Interior 9-1,26/6/2018,AN,Clearcut,,,,,,,,,,,,,,,,,,,,,,,,,,,,,,,,,,,,,,,,,,,,,,,,,,,,,,,,,,,,,,,,,,,,,1,,,,,,,,,,,,,145,,,1,1,,,,,,1,14,,,,,,,,,,,,,2,1,,,1,,,,,,,,,1,,,23,16,,2,,,,,,1,,,,
37,B1_I,Interior 11-6,26/6/2018,AN,Buffer,6,,,,,,,,,,,,,4,1,,25,,,,,,,,,,,,,,3,,,12,,3,35,,,,,,46,,,,,,,,,,,5,,,,,,,,,,,,,1,,,,,,1,,,,,,,,,1,1,36,5,4,,,,,,,,1,,,,,,,,,,1,,,,,,,,,,,,,,,6,2,2,,3,3,,,2,,,,,,1,,1
38,R3_I,Interior R3-1,4/7/2018,AN,Reference,2,,,,,,,,,2,,1,,17,,,89,,2,,3,,,,,,,,,,,,,2,,3,,1,,,,,14,,,,,4,,,,,,,,,,,,,,,,,,3,14,,,,,,,,,,,,,,,12,5,16,12,7,,,,,1,,,,,,,,2,,,,1,,,,,,,,,,,,,,,,,,6,2,2,6,2,,2,,,,,,,,
39,R3_I,Interior R3-3,4/7/2018,AN,Reference,4,,,,,,,,,1,,,,10,,,37,,,,2,,,,,,,,,,,,,2,,23,,,,,,,,,,,,1,,,,,,,,,,,,,,,,,,,11,,,,,,,,,,,,,,,15,2,3,1,1,,,,,,,,,,,,,1,,,2,,,,,,,,,,,,,,,,,1,1,5,1,,,,,,,,,,,,,
40,C1_I,Interior 9-8,26/6/2018,AN,Clearcut,,,,,,,,,,,,,,,,,,,,,,,,,,,,,,,,,,,,,,,,,,,,,1,,,,,,,,,,,,,,,,,,,,2,,,,,,,,4,,,,,1,,,,18,,3,1,1,,,,,2,,2,,,,,,,,,1,,,,2,,,,,,,,,,,,,1,,,193,20,,1,,,,,,,,,,
41,B2_I,Interior 15-5,27/6/2018,AN,Buffer,11,1,,,,,,,,,,,,2,,,,,,,10,,,,,,,,,,,,,8,,,4,,,,,,5,,,,1,,,,1,,,,,1,1,,,,,,,,,,1,,,,,,,,,,,1,,,,1,21,5,6,12,,,,,1,,3,,,,,,1,,,,1,1,,,,,,,,,,,,,,,2,2,5,,15,11,,,,,,1,1,,,,
42,B2_I,Interior 15-2,27/6/2018,AN,Buffer,5,,1,,,,,,,,,,,5,,,52,,,,3,,,,,,,,,,,,,2,,,37,,,,,,1,,,,,,,,,,,3,,,1,,,,,,,,1,,2,,,,,,,,,,,,,,,,8,10,2,9,,,,,1,,,,6,,,,,,,,,1,,1,1,,,,,1,,,,,,,,3,2,,8,14,2,,,1,,,,,,,
66,R1_I,Interior R1 - 1,3/7/2018,MB,Reference,0,,,0,0,0,0,0,0,,0,0,0,1,,0,,,,11,0,,,,,0,0,,,0,0,,,5,0,,0,,,0,0,0,,0,,,,0,,,0,0,,,0,,,0,0,0,0,,,0,,,,1,,0,0,0,0,,0,0,1,0,0,,0,5,1,,0,1,0,,,0,,,0,0,,0,0,,0,0,0,,,0,0,0,,,,,,,1,0,0,,7,0,0,0,48,0,0,0,0,,,,0,,,,1,0,1
89,R1_I,Interior R1 - 2,3/7/2018,MB,Reference,6,,,0,0,0,0,0,0,,0,0,0,0,,3,,,,0,0,,,,,0,0,,,0,0,,,3,2,,0,,,0,0,0,,0,,,,0,,,0,0,,,0,,,0,0,0,0,,,0,,,,1,,0,0,0,0,,0,0,0,0,0,,0,18,2,,0,2,0,,,0,,,0,0,,0,0,,0,0,0,,,0,0,0,,,,,,,4,1,0,,0,0,0,0,14,5,1,0,2,,,,0,,,,0,0,0
77,R1_I,Interior R1 - 4,3/7/2018,MB,Reference,30,,,0,0,0,0,0,0,,0,0,0,0,,0,,,,0,77,,,,,1,0,,,0,1,,,15,0,,0,,,0,0,0,,0,,,,0,,,0,0,,,0,,,0,0,1,0,,,0,,,,4,,0,0,0,0,,0,0,0,0,0,,0,3,1,,1,17,0,,,0,,,0,0,,4,0,,0,0,0,,,0,0,0,,,,,,,0,0,0,,0,0,1,0,80,10,2,0,0,,,,0,,,,0,0,0
TBD,R1_I,Interior R1 - 7,3/7/2018,MB,Reference,2,,,0,0,0,0,0,0,,0,0,0,2,,0,,,,0,0,,,,,0,0,,,0,0,,,1,0,,0,,,0,0,0,,0,,,,0,,,0,0,,,0,,,0,1,0,0,,,0,,,,0,,0,0,0,0,,0,0,0,0,0,,0,0,0,,0,4,0,,,0,,,0,0,,0,0,,0,0,0,,,0,0,0,,,,,,,3,1,0,,0,0,0,0,0,0,0,0,0,,,,0,,,,1,0,0
TBD,R1_I,Interior R1 - 8,3/7/2018,MB,Reference,0,,,0,0,0,0,0,0,,0,0,0,0,,0,,,,0,46,,,,,0,0,,,0,0,,,6,0,,0,,,2,0,0,,0,,,,0,,,0,0,,,0,,,0,0,0,0,,,0,,,,0,,0,0,1,0,,0,0,0,0,0,,0,4,0,,0,10,0,,,0,,,0,0,,2,0,,0,0,0,,,0,0,0,,,,,,,8,2,0,,0,0,6,0,34,3,4,0,0,,,,2,,,,1,0,0
59,R2_I,Interior R2 - 5 ,3/7/2018,MB,Reference,0,,,0,0,0,0,0,0,,2,0,0,0,,0,,,,4,0,,,,,0,0,,,0,0,,,0,0,,0,,,0,0,0,,0,,,,0,,,0,0,,,0,,,0,0,0,0,,,0,,,,0,,0,0,0,0,,0,0,0,0,0,,0,0,1,,0,0,0,,,1,,,0,0,,0,0,,1,0,0,,,0,0,1,,,,,,,0,0,0,,0,0,0,0,0,0,0,0,0,,,,1,,,,0,0,0
58,R2_I,Interior R2 - 7,3/7/2018,MB,Reference,2,,,0,0,0,0,0,0,,0,0,0,7,,0,,,,11,0,,,,,2,3,,,3,0,,,21,1,,0,,,3,0,0,,0,,,,0,,,0,0,,,0,,,0,0,0,0,,,0,,,,0,,0,0,0,0,,0,0,0,0,0,,0,4,2,,1,10,2,,,0,,,0,0,,0,0,,3,0,0,,,1,0,0,,,,,,,0,0,0,,0,0,0,0,20,0,3,5,0,,,,0,,,,0,0,0
81,R3_1,Interior R3 - 4,3/7/2018,MB,Reference,8,,,0,0,0,0,0,0,,11,0,0,35,,0,,,,0,9,,,,,0,3,,,0,0,,,41,9,,2,,,0,0,0,,0,,,,0,,,0,0,,,0,,,0,0,0,0,,,0,,,,17,,0,0,0,0,,0,0,0,0,0,,0,81,5,,8,56,0,,,0,,,0,0,,0,0,,0,0,0,,,0,0,0,,,,,,,0,0,0,,0,0,0,0,10,6,2,21,0,,,,0,,,,0,0,0
83,R3_1,Interior R3 - 6,3/7/2018,MB,Reference,0,,,0,0,0,0,0,0,,1,0,0,11,,0,,,,14,25,,,,,1,0,,,0,0,,,9,0,,0,,,0,0,0,,0,,,,1,,,0,0,,,0,,,0,0,0,0,,,0,,,,1,,0,0,0,0,,0,0,0,0,0,,0,2,1,,1,7,0,,,0,,,0,0,,0,0,,0,0,0,,,0,0,0,,,,,,,0,0,0,,0,0,0,0,0,0,0,11,0,,,,0,,,,0,0,0
90,R3_1,Interior R3 - 8,3/7/2018,MB,Reference,4,,,0,0,0,0,0,0,,0,0,0,0,,8,,,,0,5,,,,,0,0,,,0,0,,,16,4,,0,,,0,0,0,,0,,,,0,,,0,0,,,0,,,0,0,0,0,,,0,,,,8,,0,0,0,0,,0,0,0,0,0,,0,639,3,,0,50,0,,,0,,,0,0,,0,0,,0,0,0,,,1,0,0,,,,,,,2,0,0,,0,0,0,0,20,13,2,1,2,,,,2,,,,0,0,0
57,B5_I,Interior 23 - 2,3/7/2018,MB,Buffer,0,,,0,0,0,0,0,0,,0,0,0,0,,0,,,,0,0,,,,,0,0,,,0,0,,,0,0,,0,,,0,0,0,,0,,,,0,,,0,0,,,0,,,0,0,0,0,,,0,,,,0,,0,0,0,0,,1,0,0,0,0,,0,0,0,,0,6,13,,,0,,,0,0,,1,0,,1,0,1,,,1,0,0,,,,,,,1,0,0,,0,0,1,0,1,0,1,0,2,,,,0,,,,0,0,0
74,B5_I,Interior 23 - 4,3/7/2018,MB,Buffer,0,,,0,0,0,0,0,0,,0,0,0,0,,0,,,,0,0,,,,,1,0,,,0,0,,,0,0,,0,,,0,0,0,,0,,,,0,,,0,0,,,0,,,0,0,0,0,,,0,,,,1,,0,0,0,0,,0,0,0,0,1,,0,0,0,,0,3,1,,,0,,,0,0,,1,0,,0,0,0,,,0,0,0,,,,,,,0,0,0,,0,0,2,0,0,0,8,0,0,,,,0,,,,0,0,0
87,B6_I,Interior 20 - 1,3/7/2018,MB,Buffer,1,,,0,0,0,0,0,0,,0,0,0,0,,0,,,,0,0,,,,,0,1,,,0,0,,,0,0,,0,,,0,0,0,,0,,,,0,,,0,0,,,0,,,0,0,0,0,,,0,,,,0,,0,0,0,0,,0,0,0,0,0,,0,0,0,,0,1,0,,,0,,,0,0,,2,5,,0,0,0,,,0,0,0,,,,,,,6,0,0,,0,0,0,0,0,0,0,0,0,,,,0,,,,0,0,0
79,B6_I,Interior 20 - 3,3/7/2018,MB,Buffer,0,,,0,0,0,0,0,0,,0,0,0,0,,0,,,,0,0,,,,,0,0,,,0,0,,,0,0,,0,,,0,0,0,,0,,,,0,,,0,0,,,0,,,0,0,0,0,,,0,,,,0,,0,0,0,1,,0,1,0,0,0,,0,0,0,,0,5,1,,,0,,,1,0,,8,9,,0,0,0,,,0,0,0,,,,,,,1,0,0,,0,0,1,0,0,1,1,0,0,,,,0,,,,0,0,0
80,B6_I,Interior 20 - 4,3/7/2018,MB,Buffer,2,,,0,0,0,0,0,0,,0,0,0,0,,0,,,,0,0,,,,,0,0,,,0,0,,,0,0,,0,,,0,0,0,,0,,,,0,,,0,0,,,0,,,0,0,0,0,,,0,,,,0,,0,0,0,0,,0,0,0,0,0,,0,0,0,,0,0,0,,,0,,,0,0,,0,2,,0,0,0,,,0,0,0,,,,,,,0,0,0,,0,0,0,0,0,0,0,0,0,,,,0,,,,0,0,0
73,B6_I,Interior 20 - 6,3/7/2018,MB,Buffer,0,,,0,0,0,0,0,0,,0,0,0,0,,0,,,,0,0,,,,,0,0,,,0,0,,,0,0,,0,,,0,0,0,,0,,,,0,,,0,0,,,0,,,0,0,0,0,,,0,,,,0,,0,0,0,0,,0,0,0,0,1,,0,0,0,,0,4,0,,,0,,,0,0,,2,6,,0,0,0,,,0,0,0,,,,,,,0,0,0,,0,0,1,0,0,0,0,0,1,,,,0,,,,0,0,0
82,C1_I,Interior 9 - 4,26/6/2018,MB,Clearcut,0,,,0,0,0,0,0,0,,0,0,0,0,,0,,,,0,0,,,,,0,0,,,0,0,,,0,0,,0,,,0,0,0,,0,,,,0,,,0,0,,,0,,,0,0,0,0,,,0,,,,0,,4,0,0,0,,0,0,0,0,0,,0,79,2,,0,20,0,,,0,,,3,0,,1,0,,0,0,0,,,0,0,0,,,,,,,0,0,0,,0,0,0,0,0,40,34,0,9,,,,0,,,,0,0,1
69,C1_I,Interior 9 - 7,26/6/2018,MB,Clearcut,0,,,0,0,0,0,0,0,,0,0,0,0,,0,,,,0,0,,,,,0,0,,,0,0,,,0,0,,0,,,0,0,0,,0,,,,0,,,0,0,,,0,,,0,0,0,0,,,0,,,,0,,0,1,0,0,,0,0,0,0,0,,0,53,0,,0,3,0,,,0,,,4,0,,0,0,,0,0,0,,,0,0,0,,,,,,,0,0,0,,0,0,0,0,2,85,25,0,7,,,,0,,,,0,0,0
91,B1_I,Interior 11 - 2,26/06/2018,MB,Buffer,34,,,0,0,0,0,0,0,,0,0,0,1,,0,,,,0,50,,,,,0,0,,,0,0,,,0,32,,0,,,4,2,0,,0,,,,0,,,0,0,,,0,,,0,2,0,0,,,0,,,,6,,0,0,0,0,,0,0,0,0,0,,0,23,4,,4,13,0,,,0,,,7,0,,0,0,,2,0,0,,,0,0,0,,,,,,,0,0,0,,0,0,0,0,3,7,18,2,9,,,,0,,,,0,0,1
84,B1_I,Interior 11 - 4,26/06/2019,MB,Buffer,30,,,0,0,0,1,0,0,,0,0,0,0,,0,,,,2,0,,,,,0,0,,,0,0,,,21,1,,0,,,0,2,0,,0,,,,0,,,2,0,,,0,,,0,0,0,0,,,0,,,,2,,0,0,0,0,,0,0,0,0,0,,0,177,25,,3,23,0,,,0,,,1,0,,0,0,,0,0,0,,,0,0,0,,,,,,,3,0,0,,0,0,0,0,9,27,1,0,0,,,,1,,,,1,0,0
72,B1_I,Interior 11 - 8,26/06/2020,MB,Buffer,29,,,0,0,0,0,0,0,,0,0,0,0,,0,,,,4,1,,,,,0,0,,,0,0,,,15,5,,30,,,0,0,0,,0,,,,0,,,0,1,,,0,,,0,0,0,0,,,0,,,,3,,0,0,0,0,,0,0,0,0,0,,0,64,6,,10,9,0,,,0,,,5,0,,0,0,,0,0,0,,,0,0,0,,,,,,,0,0,0,,0,0,2,2,24,12,18,0,30,,,,0,,,,0,0,0
76,B2_I,Interior 15 - 3,27/06/2018,MB,Buffer,0,,,7,0,0,0,0,0,,0,0,0,4,,0,,,,4,49,,,,,0,0,,,0,0,,,46,0,,0,,,0,0,0,,0,,,,0,,,0,0,,,0,,,1,1,0,0,,,0,,,,1,,0,0,0,0,,0,0,0,0,0,,0,4,9,,2,56,0,,,0,,,1,0,,6,0,,1,0,0,,,1,0,0,,,,,,,0,0,0,,0,0,1,2,1,4,6,0,3,,,,0,,,,0,0,0
78,B2_I,Interior 15 - 4,27/06/2018,MB,Buffer,13,,,0,0,0,0,0,0,,0,0,0,9,,0,,,,4,85,,,,,0,1,,,0,0,,,47,0,,3,,,33,0,0,,0,,,,0,,,0,0,,,0,,,0,0,0,0,,,0,,,,1,,0,0,0,0,,0,0,0,0,0,,0,14,2,,4,32,0,,,0,,,0,0,,40,0,,6,0,0,,,0,0,0,,,,,,,1,0,0,,0,0,0,0,0,1,6,34,1,,,,0,,,,0,0,0
75,B2_I,Interior 15 - 6,27/06/2018,MB,Buffer,11,,,0,0,0,0,0,0,,0,0,1,0,,1,,,,2,45,,,,,0,0,,,0,0,,,35,1,,14,,,0,0,0,,0,,,,0,,,0,0,,,0,,,3,4,0,0,,,0,,,,0,,0,0,0,0,,0,0,0,0,0,,0,20,6,,1,25,0,,,0,,,1,0,,2,0,,0,0,0,,,2,0,0,,,,,,,0,0,0,,0,0,2,3,2,4,18,12,4,,,,0,,,,0,0,0
67,C3_I,Interior 21 - 1,28/6/2018,MB,Clearcut,4,,,0,0,0,0,0,0,,0,0,0,5,,3,,,,0,0,,,,,0,0,,,0,0,,,2,0,,0,,,4,0,0,,3,,,,0,,,0,3,,,0,,,0,0,0,1,,,0,,,,0,,0,0,0,0,,0,0,0,1,1,,0,3,5,,4,15,0,,,0,,,0,0,,0,0,,6,0,0,,,2,0,0,,,,,,,0,0,0,,0,1,0,2,3,0,0,3,0,,,,0,,,,0,0,0
68,C3_I,Interior 21 - 2,28/6/2018,MB,Clearcut,3,,,0,0,0,0,0,0,,0,0,0,0,,0,,,,2,0,,,,,0,0,,,0,0,,,4,0,,0,,,3,0,1,,0,,,,0,,,0,0,,,3,,,0,0,0,0,,,0,,,,0,,0,0,0,0,,0,0,1,1,0,,0,85,6,,3,22,1,,,0,,,0,0,,0,0,,3,0,0,,,3,0,0,,,,,,,3,0,0,,0,0,0,0,2,4,6,2,1,,,,1,,,,0,0,0
56,C3_I,Interior 21 - 3,28/6/2018,MB,Clearcut,3,,,4,0,0,0,0,0,,0,0,0,6,,2,,,,0,0,,,,,3,0,,,0,0,,,6,0,,0,,,0,4,0,,0,,,,0,,,0,0,,,4,,,0,0,0,0,,,0,,,,0,,0,0,0,0,,0,0,0,0,0,,0,16,7,,15,15,0,,,0,,,2,0,,0,0,,3,0,0,,,0,0,0,,,,,,,0,0,0,,0,0,0,0,2,5,28,1,6,,,,1,,,,0,0,0
60,C3_I,Interior 21 - 4,28/6/2018,MB,Clearcut,6,,,0,0,0,0,0,0,,0,0,0,2,,0,,,,4,0,,,,,8,0,,,1,0,,,2,0,,0,,,8,0,0,,0,,,,0,,,0,2,,,0,,,0,0,0,1,,,0,,,,0,,0,0,0,0,,0,0,0,0,0,,0,19,3,,2,31,17,,,0,,,1,0,,4,0,,1,0,0,,,10,0,0,,,,,,,0,0,0,,0,0,0,0,49,2,14,4,0,,,,0,,,,0,1,0
TBD,C3_I,Interior 21 - 6,28/6/2018,MB,Clearcut,2,,,10,0,0,0,1,0,,0,0,0,0,,10,,,,2,0,,,,,1,0,,,0,0,,,7,14,,0,,,1,0,0,,0,,,,2,,,0,0,,,0,,,0,0,0,0,,,0,,,,0,,0,0,0,0,,0,0,0,0,0,,0,1,0,,11,23,12,,,0,,,0,0,,0,0,,0,0,0,,,1,0,0,,,,,,,0,0,1,,0,0,0,0,0,1,18,0,2,,,,0,,,,0,0,0
92,B3_I,Interior 22 - 1,27/6/2018,MB,Buffer,0,,,0,0,0,0,0,0,,0,0,0,0,,0,,,,0,0,,,,,0,0,,,0,0,,,1,0,,0,,,0,0,0,,0,,,,0,,,0,0,,,0,,,0,0,0,0,,,0,,,,0,,0,0,0,0,,0,0,0,0,0,,0,9,9,,0,10,16,,,0,,,0,1,,0,0,,3,0,0,,,2,0,0,,,,,,,1,0,0,,0,0,0,0,2,9,1,0,2,,,,1,,,,0,0,0
61,B3_I,Interior 22 - 2,27/6/2018,MB,Buffer,0,,,0,0,0,0,0,0,,0,0,0,1,,0,,,,0,0,,,,,0,0,,,0,0,,,4,0,,0,,,0,2,0,,0,,,,0,,,0,0,,,0,,,0,0,0,0,,,0,,,,0,,0,0,0,0,,0,0,0,0,0,,0,0,0,,0,1,0,,,0,,,0,0,,1,0,,0,0,0,,,0,0,0,,,,,,,0,2,0,,0,0,0,0,0,0,0,2,0,,,,1,,,,0,0,0
62,B3_I,Interior 22 - 3,27/6/2018,MB,Buffer,0,,,0,0,0,0,0,0,,0,0,0,1,,0,,,,0,0,,,,,0,0,,,0,0,,,3,0,,0,,,2,0,0,,0,,,,1,,,0,0,,,1,,,0,0,0,0,,,0,,,,0,,0,0,0,0,,0,0,0,0,0,,0,2,1,,1,2,6,,,0,,,0,0,,0,0,,0,0,0,,,0,0,0,,,,,,,0,0,1,,0,0,0,0,2,0,0,0,0,,,,0,,,,0,0,1
63,B3_I,Interior 22 - 5,27/6/2018,MB,Buffer,0,,,0,0,0,0,0,0,,0,0,0,4,,0,,,,8,0,,,,,13,0,,,5,0,,,20,8,,0,,,41,0,0,,0,,,,0,,,0,0,,,0,,,0,0,0,0,,,0,,,,0,,0,0,0,0,,0,0,0,0,0,,0,2,5,,3,19,30,,,0,,,0,0,,10,0,,1,0,1,,,1,2,0,,,,,,,1,0,0,,0,0,0,0,2,1,0,0,1,,,,0,,,,0,0,0
64,B3_I,Interior 22 - 7,27/6/2018,MB,Buffer,0,,,0,1,0,0,0,0,,0,0,0,2,,0,,,,0,0,,,,,3,1,,,0,0,,,2,1,,0,,,0,6,0,,0,,,,0,,,0,0,,,0,,,0,0,0,0,,,0,,,,0,,0,1,0,0,,0,0,0,0,0,,1,1,0,,0,3,0,,,0,,,0,0,,2,0,,0,0,0,,,0,0,0,,,,,,,1,0,0,,0,0,0,0,0,0,3,0,0,,,,0,,,,0,0,0
65,B3_I,Interior 22 - 8,27/6/2018,MB,Buffer,3,,,0,0,0,0,0,0,,0,0,0,0,,0,,,,4,0,,,,,0,2,,,0,0,,,2,0,,0,,,5,0,0,,0,,,,0,,,0,0,,,0,,,0,0,0,0,,,0,,,,0,,0,0,0,0,,0,0,0,0,0,,0,2,1,,0,4,3,,,0,,,2,0,,0,0,,0,0,0,,,3,0,0,,,,,,,0,0,0,,0,0,0,0,1,0,4,0,1,,,,0,,,,0,0,0
85,C2_I,Interior 25 - 3,28/6/2018,MB,Clearcut,0,,,0,0,0,0,0,0,,1,0,1,0,,0,,,,0,0,,,,,0,0,,,0,2,,,3,5,,0,,,0,4,0,,0,,,,0,,,0,0,,,0,,,0,0,0,0,,,1,,,,0,,1,0,0,0,,0,0,0,0,0,,0,4,2,,0,18,0,,,0,,,0,0,,317,0,,0,0,0,,,0,0,0,,,,,,,0,0,0,,0,0,0,0,1,0,0,0,0,,,,0,,,,0,0,0
70,C2_I,Interior 25 - 5,28/6/2018,MB,Clearcut,0,,,21,0,0,0,0,0,,0,0,0,0,,0,,,,0,0,,,,,0,0,,,0,0,,,0,0,,0,,,5,0,0,,0,,,,0,,,0,0,,,0,,,0,0,0,0,,,0,37,,,0,,0,0,0,0,,0,0,0,0,0,,0,16,3,,2,7,0,,,0,,,0,0,,0,0,,0,0,0,,,0,0,0,,,,,,,0,0,0,,0,0,0,0,1,15,10,0,2,,,,1,,,,0,0,0
88,C2_I,Interior 25 - 7,28/6/2018,MB,Clearcut,11,,,0,0,0,0,2,0,,0,0,0,2,,0,,,,0,0,,,,,0,0,,,0,0,,,0,8,,0,,,0,0,0,,0,,,,0,,,0,0,,,0,,,0,0,0,0,,,0,,,,0,,0,0,0,0,,0,0,0,0,0,,0,1,1,,1,2,0,,,0,,,0,0,,8,0,,0,0,0,,,0,0,0,,,,,,,0,0,0,,0,0,0,0,3,5,8,1,0,,,,1,,,,0,0,0
71,B4_I,Interior 29 - 3,29/6/2018,MB,Buffer,3,,,0,0,0,0,0,0,,0,0,0,8,,0,,,,2,0,,,,,0,0,,,0,0,,,4,1,,2,,,0,0,0,,0,,,,0,,,0,0,,,0,,,0,0,0,0,,,0,,,,0,,0,0,0,0,,0,0,0,0,0,,0,5,0,,3,30,4,,,1,,,0,0,,0,0,,0,0,0,,,0,0,0,,,,,,,0,0,0,,0,0,0,0,1,2,17,2,0,,,,0,,,,0,0,0
86,B4_I,Interior 29 - 5,29/6/2018,MB,Buffer,16,,,0,0,0,1,4,1,,1,8,0,12,,0,,,,3,2,,,,,2,0,,,0,0,,,19,3,,0,,,0,3,0,,0,,,,0,,,0,0,,,0,,,2,0,0,0,,,0,,,,0,,0,0,0,0,,0,0,0,0,0,,0,35,11,,10,25,0,,,0,,,0,0,,0,0,,0,1,0,,,0,0,0,,,,,,,2,0,0,,0,0,0,0,53,13,3,38,0,,,,0,,,,0,0,0
